{"cameraMode":{"drawMode":0,"name":"Shaded","section":"Shading Mode"},"sceneLighting":false,"audioPlay":false,"sceneViewState":{"showFog":true,"showMaterialUpdate":false,"showSkybox":false,"showFlares":true,"showImageEffects":true,"showParticleSystems":true},"in2DMode":false,"pivot":{"x":-16.848739624023439,"y":6.259124755859375,"z":0.0076198577880859379},"rotation":{"x":-0.24273940920829774,"y":0.040161024779081348,"z":-0.010039575397968293,"w":-0.9692273736000061},"size":4.163693428039551,"orthographic":false}