{"cameraMode":{"drawMode":0,"name":"Shaded","section":"Shading Mode"},"sceneLighting":false,"audioPlay":false,"sceneViewState":{"showFog":true,"showMaterialUpdate":false,"showSkybox":false,"showFlares":true,"showImageEffects":true,"showParticleSystems":true},"in2DMode":false,"pivot":{"x":-1.560848355293274,"y":4.746298313140869,"z":1.1355633735656739},"rotation":{"x":-0.21771077811717988,"y":0.060870859771966937,"z":-0.013585715554654599,"w":-0.9740392565727234},"size":1.6901195049285889,"orthographic":false}