{"cameraMode":{"drawMode":0,"name":"Shaded","section":"Shading Mode"},"sceneLighting":false,"audioPlay":false,"sceneViewState":{"showFog":true,"showMaterialUpdate":false,"showSkybox":false,"showFlares":true,"showImageEffects":true,"showParticleSystems":true},"in2DMode":false,"pivot":{"x":3.2230224609375,"y":0.3318302631378174,"z":-0.4907097816467285},"rotation":{"x":-0.20713260769844056,"y":-0.4497804343700409,"z":0.10807329416275025,"w":-0.8620462417602539},"size":4.216561317443848,"orthographic":false}