{"cameraMode":{"drawMode":0,"name":"Shaded","section":"Shading Mode"},"sceneLighting":false,"audioPlay":false,"sceneViewState":{"showFog":true,"showMaterialUpdate":false,"showSkybox":false,"showFlares":true,"showImageEffects":true,"showParticleSystems":true},"in2DMode":false,"pivot":{"x":7.899892807006836,"y":-1.7038462162017823,"z":-0.29860663414001467},"rotation":{"x":0.1731175184249878,"y":-0.5685144066810608,"z":0.12385176122188568,"w":0.7946586012840271},"size":4.16200065612793,"orthographic":false}