{"cameraMode":{"drawMode":0,"name":"Shaded","section":"Shading Mode"},"sceneLighting":false,"audioPlay":false,"sceneViewState":{"showFog":true,"showMaterialUpdate":false,"showSkybox":false,"showFlares":true,"showImageEffects":true,"showParticleSystems":true},"in2DMode":false,"pivot":{"x":-10.551865577697754,"y":-0.0024236440658569338,"z":5.395033836364746},"rotation":{"x":-0.05535513162612915,"y":0.064651258289814,"z":-0.0035919584333896639,"w":-0.9963667988777161},"size":8.33123779296875,"orthographic":false}